[
 {
   "localAuthorityName": "Barking and Dagenham",
   "specialMeasuresLink": "",
   "w31": 348.6,
   "w32": 361.8,
   "w33": 368.9,
   "w34": 383.5,
   "w35": 396.7,
   "w36": 396.7,
   "w36": 410.9,
   "w37": 440.6,
   "w38": 471.7,
   "w39": 509.4,
   "w40": 573.6
 },
 {
   "localAuthorityName": "Barnet",
   "specialMeasuresLink": "",
   "w31": 422,
   "w32": 431.5,
   "w33": 439.6,
   "w34": 451.4,
   "w35": 465.4,
   "w36": 465.4,
   "w36": 480.7,
   "w37": 506.2,
   "w38": 527.4,
   "w39": 547.3,
   "w40": 588.3
 },
 {
   "localAuthorityName": "Barnsley",
   "specialMeasuresLink": "",
   "w31": 805.9,
   "w32": 817.7,
   "w33": 830.4,
   "w34": 853.6,
   "w35": 862.6,
   "w36": 862.6,
   "w36": 870.3,
   "w37": 898.5,
   "w38": 927.4,
   "w39": 960,
   "w40": 1011
 },
 {
   "localAuthorityName": "Bath and North East Somerset",
   "specialMeasuresLink": "",
   "w31": 181.2,
   "w32": 184.3,
   "w33": 186.4,
   "w34": 191.6,
   "w35": 206.1,
   "w36": 206.1,
   "w36": 215,
   "w37": 228.5,
   "w38": 238.9,
   "w39": 254,
   "w40": 280.6
 },
 {
   "localAuthorityName": "Bedford",
   "specialMeasuresLink": "",
   "w31": 775.5,
   "w32": 795.9,
   "w33": 808.2,
   "w34": 814.6,
   "w35": 827.4,
   "w36": 827.4,
   "w36": 842,
   "w37": 858.9,
   "w38": 887.4,
   "w39": 913.1,
   "w40": 959.7
 },
 {
   "localAuthorityName": "Bexley",
   "specialMeasuresLink": "",
   "w31": 442.9,
   "w32": 448.1,
   "w33": 452.2,
   "w34": 457.4,
   "w35": 464.7,
   "w36": 464.7,
   "w36": 475.6,
   "w37": 486.5,
   "w38": 500.7,
   "w39": 517.3,
   "w40": 543.2
 },
 {
   "localAuthorityName": "Birmingham",
   "specialMeasuresLink": "https://www.gov.uk/guidance/birmingham-sandwell-and-solihull-local-restrictions",
   "w31": 453.8,
   "w32": 466.1,
   "w33": 488.4,
   "w34": 518.5,
   "w35": 542.6,
   "w36": 542.6,
   "w36": 574,
   "w37": 644,
   "w38": 732.7,
   "w39": 845.2,
   "w40": 988.5
 },
 {
   "localAuthorityName": "Blackburn with Darwen",
   "specialMeasuresLink": "https://www.gov.uk/guidance/north-west-england-local-restrictions",
   "w31": 899.7,
   "w32": 982.9,
   "w33": 1060.1,
   "w34": 1139.4,
   "w35": 1192.4,
   "w36": 1192.4,
   "w36": 1245.5,
   "w37": 1307.9,
   "w38": 1428.7,
   "w39": 1616.7,
   "w40": 1779.9
 },
 {
   "localAuthorityName": "Blackpool",
   "specialMeasuresLink": "https://www.gov.uk/guidance/north-west-england-local-restrictions",
   "w31": 748,
   "w32": 755.2,
   "w33": 763.8,
   "w34": 776.7,
   "w35": 783.9,
   "w36": 783.9,
   "w36": 793.2,
   "w37": 811.9,
   "w38": 842,
   "w39": 916,
   "w40": 986.3
 },
 {
   "localAuthorityName": "Bolton",
   "specialMeasuresLink": "https://www.gov.uk/guidance/greater-manchester-local-restrictions",
   "w31": 685.4,
   "w32": 707.5,
   "w33": 738,
   "w34": 761.1,
   "w35": 781.8,
   "w36": 781.8,
   "w36": 851.2,
   "w37": 979.1,
   "w38": 1185.5,
   "w39": 1426.2,
   "w40": 1643.5
 },
 {
   "localAuthorityName": "Bournemouth, Christchurch and Poole",
   "specialMeasuresLink": "",
   "w31": 210.5,
   "w32": 210.7,
   "w33": 213.5,
   "w34": 217.5,
   "w35": 221.3,
   "w36": 221.3,
   "w36": 228.2,
   "w37": 241.8,
   "w38": 261.8,
   "w39": 279.5,
   "w40": 305.2
 },
 {
   "localAuthorityName": "Bracknell Forest",
   "specialMeasuresLink": "",
   "w31": 318.1,
   "w32": 321.4,
   "w33": 321.4,
   "w34": 327.9,
   "w35": 332,
   "w36": 332,
   "w36": 340.3,
   "w37": 356.7,
   "w38": 380.5,
   "w39": 397.8,
   "w40": 419.2
 },
 {
   "localAuthorityName": "Bradford",
   "specialMeasuresLink": "https://www.gov.uk/guidance/west-yorkshire-local-restrictions",
   "w31": 911.8,
   "w32": 964.3,
   "w33": 1021.8,
   "w34": 1076.8,
   "w35": 1119.9,
   "w36": 1119.9,
   "w36": 1173.2,
   "w37": 1246.9,
   "w38": 1343.1,
   "w39": 1475.1,
   "w40": 1645.5
 },
 {
   "localAuthorityName": "Brent",
   "specialMeasuresLink": "",
   "w31": 540.2,
   "w32": 547.8,
   "w33": 553.5,
   "w34": 563.8,
   "w35": 571.4,
   "w36": 571.4,
   "w36": 584.1,
   "w37": 601.9,
   "w38": 629.1,
   "w39": 651.5,
   "w40": 698.9
 },
 {
   "localAuthorityName": "Brighton and Hove",
   "specialMeasuresLink": "",
   "w31": 277.9,
   "w32": 281,
   "w33": 284.4,
   "w34": 287.9,
   "w35": 295.5,
   "w36": 295.5,
   "w36": 304.4,
   "w37": 316.5,
   "w38": 337.1,
   "w39": 352.3,
   "w40": 367.4
 },
 {
   "localAuthorityName": "Bristol, City of",
   "specialMeasuresLink": "",
   "w31": 286.1,
   "w32": 290.5,
   "w33": 295,
   "w34": 303.6,
   "w35": 315.7,
   "w36": 315.7,
   "w36": 324.6,
   "w37": 340.1,
   "w38": 357.4,
   "w39": 373.1,
   "w40": 396.2
 },
 {
   "localAuthorityName": "Bromley",
   "specialMeasuresLink": "",
   "w31": 462.7,
   "w32": 465.4,
   "w33": 470.6,
   "w34": 477.8,
   "w35": 488.7,
   "w36": 488.7,
   "w36": 498,
   "w37": 513.5,
   "w38": 527.3,
   "w39": 543.7,
   "w40": 566
 },
 {
   "localAuthorityName": "Buckinghamshire",
   "specialMeasuresLink": "",
   "w31": 320.5,
   "w32": 325.9,
   "w33": 330.2,
   "w34": 338.7,
   "w35": 346.8,
   "w36": 346.8,
   "w36": 359.8,
   "w37": 372.7,
   "w38": 386.1,
   "w39": 400.5,
   "w40": 422.7
 },
 {
   "localAuthorityName": "Bury",
   "specialMeasuresLink": "https://www.gov.uk/guidance/greater-manchester-local-restrictions",
   "w31": 699.1,
   "w32": 718,
   "w33": 744.8,
   "w34": 778.5,
   "w35": 812.2,
   "w36": 812.2,
   "w36": 843.2,
   "w37": 900.5,
   "w38": 990,
   "w39": 1170.4,
   "w40": 1367.6
 },
 {
   "localAuthorityName": "Calderdale",
   "specialMeasuresLink": "https://www.gov.uk/guidance/west-yorkshire-local-restrictions",
   "w31": 392.2,
   "w32": 431.7,
   "w33": 478.4,
   "w34": 516,
   "w35": 546.5,
   "w36": 546.5,
   "w36": 568.8,
   "w37": 607.4,
   "w38": 665.5,
   "w39": 732.6,
   "w40": 826.8
 },
 {
   "localAuthorityName": "Cambridgeshire",
   "specialMeasuresLink": "",
   "w31": 352,
   "w32": 357,
   "w33": 361.8,
   "w34": 367.6,
   "w35": 372.5,
   "w36": 372.5,
   "w36": 380.1,
   "w37": 386.8,
   "w38": 398.2,
   "w39": 405.7,
   "w40": 422
 },
 {
   "localAuthorityName": "Camden",
   "specialMeasuresLink": "",
   "w31": 273.4,
   "w32": 277.2,
   "w33": 283.7,
   "w34": 292.5,
   "w35": 303.2,
   "w36": 303.2,
   "w36": 317.3,
   "w37": 331,
   "w38": 353.9,
   "w39": 373.7,
   "w40": 401.6
 },
 {
   "localAuthorityName": "Central Bedfordshire",
   "specialMeasuresLink": "",
   "w31": 446.4,
   "w32": 452.4,
   "w33": 457.3,
   "w34": 464.7,
   "w35": 472.5,
   "w36": 472.5,
   "w36": 480.6,
   "w37": 489.4,
   "w38": 502.1,
   "w39": 523.6,
   "w40": 547.9
 },
 {
   "localAuthorityName": "Cheshire East",
   "specialMeasuresLink": "",
   "w31": 586.2,
   "w32": 593.5,
   "w33": 600.9,
   "w34": 611.1,
   "w35": 618.5,
   "w36": 618.5,
   "w36": 629.7,
   "w37": 651.3,
   "w38": 676,
   "w39": 708.5,
   "w40": 765.8
 },
 {
   "localAuthorityName": "Cheshire West and Chester",
   "specialMeasuresLink": "",
   "w31": 596.5,
   "w32": 603.2,
   "w33": 609.4,
   "w34": 615.6,
   "w35": 623.8,
   "w36": 623.8,
   "w36": 631.1,
   "w37": 649.3,
   "w38": 679.6,
   "w39": 720.4,
   "w40": 786.8
 },
 {
   "localAuthorityName": "Cornwall and Isles of Scilly",
   "specialMeasuresLink": "",
   "w31": 162.4,
   "w32": 164.2,
   "w33": 166.7,
   "w34": 168.6,
   "w35": 170.7,
   "w36": 170.7,
   "w36": 173.4,
   "w37": 177.2,
   "w38": 186.9,
   "w39": 206.1,
   "w40": 239.9
 },
 {
   "localAuthorityName": "County Durham",
   "specialMeasuresLink": "https://www.gov.uk/guidance/north-east-of-england-local-restrictions",
   "w31": 635.9,
   "w32": 638.5,
   "w33": 640.8,
   "w34": 648.2,
   "w35": 657,
   "w36": 657,
   "w36": 670.4,
   "w37": 697.2,
   "w38": 738.9,
   "w39": 803.5,
   "w40": 898.5
 },
 {
   "localAuthorityName": "Coventry",
   "specialMeasuresLink": "",
   "w31": 381.2,
   "w32": 395.6,
   "w33": 410.9,
   "w34": 433.2,
   "w35": 444.4,
   "w36": 444.4,
   "w36": 463.5,
   "w37": 486.7,
   "w38": 521.3,
   "w39": 571.7,
   "w40": 647.8
 },
 {
   "localAuthorityName": "Croydon",
   "specialMeasuresLink": "",
   "w31": 487.1,
   "w32": 490.7,
   "w33": 495.1,
   "w34": 499.8,
   "w35": 508.1,
   "w36": 508.1,
   "w36": 516.9,
   "w37": 535.1,
   "w38": 552.8,
   "w39": 565.5,
   "w40": 591.2
 },
 {
   "localAuthorityName": "Cumbria",
   "specialMeasuresLink": "",
   "w31": 561.5,
   "w32": 574.3,
   "w33": 585.7,
   "w34": 597.3,
   "w35": 602.7,
   "w36": 602.7,
   "w36": 609.4,
   "w37": 621,
   "w38": 637.6,
   "w39": 664.7,
   "w40": 708
 },
 {
   "localAuthorityName": "Darlington",
   "specialMeasuresLink": "",
   "w31": 571.5,
   "w32": 572.4,
   "w33": 577.1,
   "w34": 579,
   "w35": 580.9,
   "w36": 580.9,
   "w36": 591.2,
   "w37": 603.4,
   "w38": 629.7,
   "w39": 660.6,
   "w40": 757.3
 },
 {
   "localAuthorityName": "Derby",
   "specialMeasuresLink": "",
   "w31": 511.7,
   "w32": 519.5,
   "w33": 525.3,
   "w34": 537.4,
   "w35": 546.7,
   "w36": 546.7,
   "w36": 552.5,
   "w37": 568.9,
   "w38": 587.9,
   "w39": 625.7,
   "w40": 663.4
 },
 {
   "localAuthorityName": "Derbyshire",
   "specialMeasuresLink": "",
   "w31": 429.1,
   "w32": 434.3,
   "w33": 440.3,
   "w34": 445.9,
   "w35": 450.3,
   "w36": 450.3,
   "w36": 457.2,
   "w37": 471.2,
   "w38": 499.7,
   "w39": 527,
   "w40": 567.9
 },
 {
   "localAuthorityName": "Devon",
   "specialMeasuresLink": "",
   "w31": 155.3,
   "w32": 157.3,
   "w33": 158.3,
   "w34": 159.9,
   "w35": 165.6,
   "w36": 165.6,
   "w36": 170.6,
   "w37": 177.9,
   "w38": 185,
   "w39": 192.5,
   "w40": 209.7
 },
 {
   "localAuthorityName": "Doncaster",
   "specialMeasuresLink": "",
   "w31": 652.1,
   "w32": 655,
   "w33": 659.2,
   "w34": 662.7,
   "w35": 665.9,
   "w36": 665.9,
   "w36": 669.2,
   "w37": 679.1,
   "w38": 700.7,
   "w39": 745.2,
   "w40": 797.6
 },
 {
   "localAuthorityName": "Dorset",
   "specialMeasuresLink": "",
   "w31": 163.1,
   "w32": 164.7,
   "w33": 167.1,
   "w34": 169.7,
   "w35": 173.2,
   "w36": 173.2,
   "w36": 175.8,
   "w37": 185.7,
   "w38": 192,
   "w39": 198.2,
   "w40": 206.4
 },
 {
   "localAuthorityName": "Dudley",
   "specialMeasuresLink": "",
   "w31": 415.1,
   "w32": 418.2,
   "w33": 423.6,
   "w34": 430.1,
   "w35": 436.3,
   "w36": 436.3,
   "w36": 446.9,
   "w37": 466.3,
   "w38": 498.1,
   "w39": 536.1,
   "w40": 587
 },
 {
   "localAuthorityName": "Ealing",
   "specialMeasuresLink": "",
   "w31": 468.7,
   "w32": 476.3,
   "w33": 485.7,
   "w34": 498.3,
   "w35": 516.7,
   "w36": 516.7,
   "w36": 532.2,
   "w37": 553,
   "w38": 581,
   "w39": 604.7,
   "w40": 654.4
 },
 {
   "localAuthorityName": "East Riding of Yorkshire",
   "specialMeasuresLink": "",
   "w31": 486.4,
   "w32": 487.9,
   "w33": 489.1,
   "w34": 493.2,
   "w35": 499.4,
   "w36": 499.4,
   "w36": 504.1,
   "w37": 513.2,
   "w38": 532.4,
   "w39": 555.9,
   "w40": 598.3
 },
 {
   "localAuthorityName": "East Sussex",
   "specialMeasuresLink": "",
   "w31": 288.9,
   "w32": 294.3,
   "w33": 296.3,
   "w34": 301.3,
   "w35": 304.2,
   "w36": 304.2,
   "w36": 311.8,
   "w37": 320.2,
   "w38": 335.4,
   "w39": 341.9,
   "w40": 353.4
 },
 {
   "localAuthorityName": "Enfield",
   "specialMeasuresLink": "",
   "w31": 362.1,
   "w32": 369,
   "w33": 374.4,
   "w34": 381.3,
   "w35": 393.3,
   "w36": 393.3,
   "w36": 406.2,
   "w37": 425.9,
   "w38": 458.3,
   "w39": 483.4,
   "w40": 523.3
 },
 {
   "localAuthorityName": "Essex",
   "specialMeasuresLink": "",
   "w31": 381.7,
   "w32": 386.6,
   "w33": 390.5,
   "w34": 394.9,
   "w35": 400.7,
   "w36": 400.7,
   "w36": 408.7,
   "w37": 417.7,
   "w38": 429.7,
   "w39": 444.5,
   "w40": 468.6
 },
 {
   "localAuthorityName": "Gateshead",
   "specialMeasuresLink": "https://www.gov.uk/guidance/north-east-of-england-local-restrictions",
   "w31": 636,
   "w32": 640.5,
   "w33": 645.4,
   "w34": 653.8,
   "w35": 659.2,
   "w36": 659.2,
   "w36": 676.5,
   "w37": 727.4,
   "w38": 808.9,
   "w39": 932.8,
   "w40": 1084.4
 },
 {
   "localAuthorityName": "Gloucestershire",
   "specialMeasuresLink": "",
   "w31": 295,
   "w32": 297.2,
   "w33": 302.3,
   "w34": 306.1,
   "w35": 311.3,
   "w36": 311.3,
   "w36": 318.2,
   "w37": 325,
   "w38": 335.4,
   "w39": 347.1,
   "w40": 365.6
 },
 {
   "localAuthorityName": "Greenwich",
   "specialMeasuresLink": "",
   "w31": 343.5,
   "w32": 348.4,
   "w33": 353.3,
   "w34": 357.5,
   "w35": 361.7,
   "w36": 361.7,
   "w36": 374.6,
   "w37": 387.2,
   "w38": 404.3,
   "w39": 419.3,
   "w40": 452.9
 },
 {
   "localAuthorityName": "Hackney and City of London",
   "specialMeasuresLink": "",
   "w31": 320.1,
   "w32": 341.9,
   "w33": 353.4,
   "w34": 367.9,
   "w35": 391.9,
   "w36": 391.9,
   "w36": 410.2,
   "w37": 429.7,
   "w38": 458.4,
   "w39": 481.7,
   "w40": 522.2
 },
 {
   "localAuthorityName": "Halton",
   "specialMeasuresLink": "https://www.gov.uk/guidance/merseyside-halton-and-warrington-local-restrictions",
   "w31": 545,
   "w32": 548.2,
   "w33": 559.1,
   "w34": 569.2,
   "w35": 570.7,
   "w36": 570.7,
   "w36": 579.3,
   "w37": 606.6,
   "w38": 669.6,
   "w39": 849.5,
   "w40": 1074.5
 },
 {
   "localAuthorityName": "Hammersmith and Fulham",
   "specialMeasuresLink": "",
   "w31": 421.2,
   "w32": 427.7,
   "w33": 441.2,
   "w34": 455.7,
   "w35": 473.5,
   "w36": 473.5,
   "w36": 494,
   "w37": 520.4,
   "w38": 551.2,
   "w39": 574.4,
   "w40": 613.7
 },
 {
   "localAuthorityName": "Hampshire",
   "specialMeasuresLink": "",
   "w31": 369.5,
   "w32": 372.4,
   "w33": 374.5,
   "w34": 378.3,
   "w35": 383.9,
   "w36": 383.9,
   "w36": 390.5,
   "w37": 399.5,
   "w38": 410.3,
   "w39": 419.9,
   "w40": 434.9
 },
 {
   "localAuthorityName": "Haringey",
   "specialMeasuresLink": "",
   "w31": 291.2,
   "w32": 298.6,
   "w33": 304.1,
   "w34": 314.1,
   "w35": 328.9,
   "w36": 328.9,
   "w36": 338.1,
   "w37": 361.8,
   "w38": 388.7,
   "w39": 413.1,
   "w40": 450.4
 },
 {
   "localAuthorityName": "Harrow",
   "specialMeasuresLink": "",
   "w31": 523.7,
   "w32": 532.1,
   "w33": 536.5,
   "w34": 546.1,
   "w35": 558.9,
   "w36": 558.9,
   "w36": 580.9,
   "w37": 608,
   "w38": 634.8,
   "w39": 656.8,
   "w40": 695.6
 },
 {
   "localAuthorityName": "Hartlepool",
   "specialMeasuresLink": "",
   "w31": 654.2,
   "w32": 661.7,
   "w33": 668.2,
   "w34": 676.7,
   "w35": 684.2,
   "w36": 684.2,
   "w36": 703.6,
   "w37": 747.5,
   "w38": 797.9,
   "w39": 888,
   "w40": 1002.8
 },
 {
   "localAuthorityName": "Havering",
   "specialMeasuresLink": "",
   "w31": 381.7,
   "w32": 390.6,
   "w33": 396.4,
   "w34": 403.8,
   "w35": 414.3,
   "w36": 414.3,
   "w36": 430.2,
   "w37": 459.3,
   "w38": 490.7,
   "w39": 524,
   "w40": 576.4
 },
 {
   "localAuthorityName": "Herefordshire, County of",
   "specialMeasuresLink": "",
   "w31": 455.5,
   "w32": 461.2,
   "w33": 464.9,
   "w34": 470.1,
   "w35": 474.7,
   "w36": 474.7,
   "w36": 477.3,
   "w37": 487.8,
   "w38": 507,
   "w39": 516.4,
   "w40": 529.4
 },
 {
   "localAuthorityName": "Hertfordshire",
   "specialMeasuresLink": "",
   "w31": 359.3,
   "w32": 364.7,
   "w33": 371.1,
   "w34": 378.7,
   "w35": 388.7,
   "w36": 388.7,
   "w36": 404.7,
   "w37": 423.2,
   "w38": 445.4,
   "w39": 469.2,
   "w40": 497.3
 },
 {
   "localAuthorityName": "Hillingdon",
   "specialMeasuresLink": "",
   "w31": 374.6,
   "w32": 379.6,
   "w33": 388.1,
   "w34": 402.2,
   "w35": 416.3,
   "w36": 416.3,
   "w36": 428.8,
   "w37": 447.8,
   "w38": 468.8,
   "w39": 498.3,
   "w40": 554.4
 },
 {
   "localAuthorityName": "Hounslow",
   "specialMeasuresLink": "",
   "w31": 407.3,
   "w32": 418.4,
   "w33": 432.5,
   "w34": 450.6,
   "w35": 461.3,
   "w36": 461.3,
   "w36": 475.3,
   "w37": 502.3,
   "w38": 541,
   "w39": 567.6,
   "w40": 625.2
 },
 {
   "localAuthorityName": "Isle of Wight",
   "specialMeasuresLink": "",
   "w31": 297.5,
   "w32": 298.9,
   "w33": 301,
   "w34": 302.4,
   "w35": 303.8,
   "w36": 303.8,
   "w36": 305.9,
   "w37": 310.9,
   "w38": 317.2,
   "w39": 317.9,
   "w40": 325
 },
 {
   "localAuthorityName": "Islington",
   "specialMeasuresLink": "",
   "w31": 241.7,
   "w32": 245.9,
   "w33": 252.6,
   "w34": 255.9,
   "w35": 265.1,
   "w36": 265.1,
   "w36": 275.6,
   "w37": 295.6,
   "w38": 316.6,
   "w39": 339.1,
   "w40": 377.6
 },
 {
   "localAuthorityName": "Kensington and Chelsea",
   "specialMeasuresLink": "",
   "w31": 372.6,
   "w32": 377.1,
   "w33": 385.4,
   "w34": 398.9,
   "w35": 413.6,
   "w36": 413.6,
   "w36": 439.8,
   "w37": 473.8,
   "w38": 501.9,
   "w39": 519.9,
   "w40": 544.8
 },
 {
   "localAuthorityName": "Kent",
   "specialMeasuresLink": "",
   "w31": 515.5,
   "w32": 523.3,
   "w33": 528.7,
   "w34": 533.1,
   "w35": 538.6,
   "w36": 538.6,
   "w36": 543.9,
   "w37": 552,
   "w38": 561.3,
   "w39": 570.6,
   "w40": 585.7
 },
 {
   "localAuthorityName": "Kingston upon Hull, City of",
   "specialMeasuresLink": "",
   "w31": 602.4,
   "w32": 605,
   "w33": 606.6,
   "w34": 613.5,
   "w35": 616.6,
   "w36": 616.6,
   "w36": 620.4,
   "w37": 627.3,
   "w38": 641.1,
   "w39": 654.5,
   "w40": 680.2
 },
 {
   "localAuthorityName": "Kingston upon Thames",
   "specialMeasuresLink": "",
   "w31": 428,
   "w32": 429.7,
   "w33": 437.7,
   "w34": 451.9,
   "w35": 459.9,
   "w36": 459.9,
   "w36": 474.2,
   "w37": 487.8,
   "w38": 506.1,
   "w39": 523.7,
   "w40": 556.2
 },
 {
   "localAuthorityName": "Kirklees",
   "specialMeasuresLink": "https://www.gov.uk/guidance/west-yorkshire-local-restrictions",
   "w31": 544.1,
   "w32": 568,
   "w33": 598.3,
   "w34": 637.3,
   "w35": 662.1,
   "w36": 662.1,
   "w36": 694.3,
   "w37": 733,
   "w38": 797.8,
   "w39": 892.4,
   "w40": 999.3
 },
 {
   "localAuthorityName": "Knowsley",
   "specialMeasuresLink": "https://www.gov.uk/guidance/merseyside-halton-and-warrington-local-restrictions",
   "w31": 672.6,
   "w32": 681.3,
   "w33": 698.7,
   "w34": 708.7,
   "w35": 714.7,
   "w36": 714.7,
   "w36": 726.1,
   "w37": 762.9,
   "w38": 865.8,
   "w39": 1049,
   "w40": 1341.8
 },
 {
   "localAuthorityName": "Lambeth",
   "specialMeasuresLink": "",
   "w31": 428,
   "w32": 436.9,
   "w33": 447.7,
   "w34": 455.9,
   "w35": 467.3,
   "w36": 467.3,
   "w36": 485.4,
   "w37": 507.2,
   "w38": 534.5,
   "w39": 552.6,
   "w40": 587.3
 },
 {
   "localAuthorityName": "Lancashire",
   "specialMeasuresLink": "https://www.gov.uk/guidance/north-west-england-local-restrictions",
   "w31": 581.8,
   "w32": 598.6,
   "w33": 621.7,
   "w34": 640.3,
   "w35": 660.9,
   "w36": 660.9,
   "w36": 683.3,
   "w37": 719.3,
   "w38": 781,
   "w39": 883.9,
   "w40": 1020.4
 },
 {
   "localAuthorityName": "Leeds",
   "specialMeasuresLink": "https://www.gov.uk/guidance/west-yorkshire-local-restrictions",
   "w31": 477.2,
   "w32": 494.2,
   "w33": 508,
   "w34": 524.8,
   "w35": 544.1,
   "w36": 544.1,
   "w36": 578.4,
   "w37": 636.2,
   "w38": 710.6,
   "w39": 809.6,
   "w40": 954.6
 },
 {
   "localAuthorityName": "Leicester",
   "specialMeasuresLink": "https://www.gov.uk/guidance/leicester-lockdown-what-you-can-and-cannot-do",
   "w31": 1361.1,
   "w32": 1422.8,
   "w33": 1488.4,
   "w34": 1538.2,
   "w35": 1585.8,
   "w36": 1585.8,
   "w36": 1614.2,
   "w37": 1666.3,
   "w38": 1756.7,
   "w39": 1862.5,
   "w40": 1968.7
 },
 {
   "localAuthorityName": "Leicestershire",
   "specialMeasuresLink": "",
   "w31": 467,
   "w32": 480.8,
   "w33": 488.4,
   "w34": 500.1,
   "w35": 511,
   "w36": 511,
   "w36": 520.9,
   "w37": 544.9,
   "w38": 586,
   "w39": 623.8,
   "w40": 669.4
 },
 {
   "localAuthorityName": "Lewisham",
   "specialMeasuresLink": "",
   "w31": 405.9,
   "w32": 412.1,
   "w33": 418.1,
   "w34": 424,
   "w35": 435.5,
   "w36": 435.5,
   "w36": 443.1,
   "w37": 458.6,
   "w38": 478,
   "w39": 497.5,
   "w40": 522.2
 },
 {
   "localAuthorityName": "Lincolnshire",
   "specialMeasuresLink": "",
   "w31": 331.3,
   "w32": 335.7,
   "w33": 341.6,
   "w34": 346.2,
   "w35": 349.7,
   "w36": 349.7,
   "w36": 353.9,
   "w37": 367.9,
   "w38": 387.4,
   "w39": 405.1,
   "w40": 429.9
 },
 {
   "localAuthorityName": "Liverpool",
   "specialMeasuresLink": "https://www.gov.uk/guidance/merseyside-halton-and-warrington-local-restrictions",
   "w31": 509.3,
   "w32": 523.4,
   "w33": 535.2,
   "w34": 547.9,
   "w35": 565.3,
   "w36": 565.3,
   "w36": 583.1,
   "w37": 629.5,
   "w38": 725.9,
   "w39": 912.5,
   "w40": 1197.2
 },
 {
   "localAuthorityName": "Luton",
   "specialMeasuresLink": "",
   "w31": 721.6,
   "w32": 743.6,
   "w33": 771.6,
   "w34": 787,
   "w35": 799.6,
   "w36": 799.6,
   "w36": 810.3,
   "w37": 832.8,
   "w38": 864.1,
   "w39": 902.3,
   "w40": 971.5
 },
 {
   "localAuthorityName": "Manchester",
   "specialMeasuresLink": "https://www.gov.uk/guidance/greater-manchester-local-restrictions",
   "w31": 579.6,
   "w32": 616.3,
   "w33": 656.7,
   "w34": 704.1,
   "w35": 748.3,
   "w36": 748.3,
   "w36": 792.2,
   "w37": 855.9,
   "w38": 934.6,
   "w39": 1093.8,
   "w40": 1323.7
 },
 {
   "localAuthorityName": "Medway",
   "specialMeasuresLink": "",
   "w31": 390.5,
   "w32": 396.6,
   "w33": 398.1,
   "w34": 399.1,
   "w35": 402.4,
   "w36": 402.4,
   "w36": 406.7,
   "w37": 413.2,
   "w38": 420.7,
   "w39": 427.9,
   "w40": 444.1
 },
 {
   "localAuthorityName": "Merton",
   "specialMeasuresLink": "",
   "w31": 463.7,
   "w32": 468,
   "w33": 472.9,
   "w34": 482.6,
   "w35": 492.3,
   "w36": 492.3,
   "w36": 498.1,
   "w37": 511.2,
   "w38": 528.7,
   "w39": 545.1,
   "w40": 568.9
 },
 {
   "localAuthorityName": "Middlesbrough",
   "specialMeasuresLink": "",
   "w31": 689.5,
   "w32": 695.9,
   "w33": 723.6,
   "w34": 741.4,
   "w35": 754.9,
   "w36": 754.9,
   "w36": 787.7,
   "w37": 828.9,
   "w38": 873.7,
   "w39": 930,
   "w40": 1046.6
 },
 {
   "localAuthorityName": "Milton Keynes",
   "specialMeasuresLink": "",
   "w31": 324.3,
   "w32": 328.4,
   "w33": 336.9,
   "w34": 345.1,
   "w35": 355.2,
   "w36": 355.2,
   "w36": 361.9,
   "w37": 374.5,
   "w38": 388.7,
   "w39": 405.4,
   "w40": 428.1
 },
 {
   "localAuthorityName": "Newcastle upon Tyne",
   "specialMeasuresLink": "https://www.gov.uk/guidance/north-east-of-england-local-restrictions",
   "w31": 514.7,
   "w32": 518,
   "w33": 524,
   "w34": 539.7,
   "w35": 554,
   "w36": 554,
   "w36": 571,
   "w37": 612.6,
   "w38": 677.6,
   "w39": 845.8,
   "w40": 1104.9
 },
 {
   "localAuthorityName": "Newham",
   "specialMeasuresLink": "",
   "w31": 373.9,
   "w32": 381.2,
   "w33": 389.8,
   "w34": 401.4,
   "w35": 409.1,
   "w36": 409.1,
   "w36": 421.6,
   "w37": 451.7,
   "w38": 481.5,
   "w39": 511.4,
   "w40": 569.6
 },
 {
   "localAuthorityName": "Norfolk",
   "specialMeasuresLink": "",
   "w31": 320.3,
   "w32": 322.4,
   "w33": 325.9,
   "w34": 329.2,
   "w35": 333,
   "w36": 333,
   "w36": 346.1,
   "w37": 354.6,
   "w38": 364.8,
   "w39": 374.5,
   "w40": 390.6
 },
 {
   "localAuthorityName": "North East Lincolnshire",
   "specialMeasuresLink": "",
   "w31": 134.5,
   "w32": 136.4,
   "w33": 137.7,
   "w34": 143.9,
   "w35": 147,
   "w36": 147,
   "w36": 151.4,
   "w37": 158.3,
   "w38": 167.1,
   "w39": 178.3,
   "w40": 207.7
 },
 {
   "localAuthorityName": "North Lincolnshire",
   "specialMeasuresLink": "",
   "w31": 426.2,
   "w32": 428.5,
   "w33": 429.6,
   "w34": 432.6,
   "w35": 438.4,
   "w36": 438.4,
   "w36": 445.9,
   "w37": 454.6,
   "w38": 480.2,
   "w39": 504.6,
   "w40": 550
 },
 {
   "localAuthorityName": "North Somerset",
   "specialMeasuresLink": "",
   "w31": 425.4,
   "w32": 427.3,
   "w33": 431.5,
   "w34": 433.8,
   "w35": 435.7,
   "w36": 435.7,
   "w36": 445,
   "w37": 470.3,
   "w38": 483.8,
   "w39": 506.3,
   "w40": 530.6
 },
 {
   "localAuthorityName": "North Tyneside",
   "specialMeasuresLink": "https://www.gov.uk/guidance/north-east-of-england-local-restrictions",
   "w31": 450,
   "w32": 451.5,
   "w33": 455.4,
   "w34": 462.2,
   "w35": 466.5,
   "w36": 466.5,
   "w36": 478.7,
   "w37": 509.3,
   "w38": 555.4,
   "w39": 656.4,
   "w40": 791.3
 },
 {
   "localAuthorityName": "North Yorkshire",
   "specialMeasuresLink": "",
   "w31": 416.9,
   "w32": 420.7,
   "w33": 424.6,
   "w34": 432.7,
   "w35": 438.4,
   "w36": 438.4,
   "w36": 446.1,
   "w37": 469.7,
   "w38": 503.3,
   "w39": 542.1,
   "w40": 602
 },
 {
   "localAuthorityName": "Northamptonshire",
   "specialMeasuresLink": "",
   "w31": 464.1,
   "w32": 480.5,
   "w33": 501.1,
   "w34": 546.3,
   "w35": 566.6,
   "w36": 566.6,
   "w36": 587.2,
   "w37": 611.5,
   "w38": 641.2,
   "w39": 660.9,
   "w40": 684.7
 },
 {
   "localAuthorityName": "Northumberland",
   "specialMeasuresLink": "https://www.gov.uk/guidance/north-east-of-england-local-restrictions",
   "w31": 496.5,
   "w32": 497.4,
   "w33": 499.3,
   "w34": 505.2,
   "w35": 515.8,
   "w36": 515.8,
   "w36": 525.8,
   "w37": 545.8,
   "w38": 570.1,
   "w39": 656.3,
   "w40": 804.3
 },
 {
   "localAuthorityName": "Nottingham",
   "specialMeasuresLink": "",
   "w31": 364,
   "w32": 372.1,
   "w33": 377.6,
   "w34": 388.7,
   "w35": 400.5,
   "w36": 400.5,
   "w36": 410.2,
   "w37": 435.6,
   "w38": 466.4,
   "w39": 504.1,
   "w40": 574.5
 },
 {
   "localAuthorityName": "Nottinghamshire",
   "specialMeasuresLink": "",
   "w31": 370.9,
   "w32": 377.1,
   "w33": 385.1,
   "w34": 395.7,
   "w35": 405.7,
   "w36": 405.7,
   "w36": 413.9,
   "w37": 433.1,
   "w38": 461.3,
   "w39": 486.4,
   "w40": 531.3
 },
 {
   "localAuthorityName": "Oldham",
   "specialMeasuresLink": "https://www.gov.uk/guidance/greater-manchester-local-restrictions",
   "w31": 872.6,
   "w32": 933.7,
   "w33": 1042.3,
   "w34": 1128.9,
   "w35": 1185.4,
   "w36": 1185.4,
   "w36": 1249.9,
   "w37": 1310.6,
   "w38": 1431.1,
   "w39": 1586,
   "w40": 1774.9
 },
 {
   "localAuthorityName": "Oxfordshire",
   "specialMeasuresLink": "",
   "w31": 468.1,
   "w32": 474.2,
   "w33": 481.6,
   "w34": 491.6,
   "w35": 505.7,
   "w36": 505.7,
   "w36": 513.2,
   "w37": 528.1,
   "w38": 541.5,
   "w39": 555.3,
   "w40": 576.9
 },
 {
   "localAuthorityName": "Peterborough",
   "specialMeasuresLink": "",
   "w31": 711.3,
   "w32": 735.2,
   "w33": 752.1,
   "w34": 765,
   "w35": 783.9,
   "w36": 783.9,
   "w36": 806.8,
   "w37": 830.7,
   "w38": 859,
   "w39": 875.9,
   "w40": 906.8
 },
 {
   "localAuthorityName": "Plymouth",
   "specialMeasuresLink": "",
   "w31": 255,
   "w32": 257.7,
   "w33": 259.6,
   "w34": 262.3,
   "w35": 269.9,
   "w36": 269.9,
   "w36": 282,
   "w37": 292.7,
   "w38": 312.4,
   "w39": 328.8,
   "w40": 352.3
 },
 {
   "localAuthorityName": "Portsmouth",
   "specialMeasuresLink": "",
   "w31": 236.1,
   "w32": 238.5,
   "w33": 241.7,
   "w34": 244.5,
   "w35": 249.2,
   "w36": 249.2,
   "w36": 256.1,
   "w37": 264,
   "w38": 278.9,
   "w39": 293.3,
   "w40": 319.8
 },
 {
   "localAuthorityName": "Reading",
   "specialMeasuresLink": "",
   "w31": 489.6,
   "w32": 493.9,
   "w33": 498.8,
   "w34": 504.9,
   "w35": 515.3,
   "w36": 515.3,
   "w36": 529.4,
   "w37": 545.3,
   "w38": 558.8,
   "w39": 569.2,
   "w40": 593.1
 },
 {
   "localAuthorityName": "Redbridge",
   "specialMeasuresLink": "",
   "w31": 379.5,
   "w32": 388.3,
   "w33": 399.5,
   "w34": 406.8,
   "w35": 415.3,
   "w36": 415.3,
   "w36": 426.8,
   "w37": 457.5,
   "w38": 498.3,
   "w39": 543,
   "w40": 620
 },
 {
   "localAuthorityName": "Redcar and Cleveland",
   "specialMeasuresLink": "",
   "w31": 516.4,
   "w32": 520.1,
   "w33": 520.1,
   "w34": 525.9,
   "w35": 532.5,
   "w36": 532.5,
   "w36": 555.9,
   "w37": 577.8,
   "w38": 604.9,
   "w39": 637.1,
   "w40": 702.9
 },
 {
   "localAuthorityName": "Richmond upon Thames",
   "specialMeasuresLink": "",
   "w31": 278.3,
   "w32": 282.4,
   "w33": 287.5,
   "w34": 306.8,
   "w35": 315.4,
   "w36": 315.4,
   "w36": 330.1,
   "w37": 347.9,
   "w38": 369.2,
   "w39": 383.9,
   "w40": 414.9
 },
 {
   "localAuthorityName": "Rochdale",
   "specialMeasuresLink": "https://www.gov.uk/guidance/greater-manchester-local-restrictions",
   "w31": 834.5,
   "w32": 867.7,
   "w33": 913.6,
   "w34": 949.5,
   "w35": 986.8,
   "w36": 986.8,
   "w36": 1035,
   "w37": 1099.1,
   "w38": 1185.5,
   "w39": 1327.3,
   "w40": 1500.9
 },
 {
   "localAuthorityName": "Rotherham",
   "specialMeasuresLink": "",
   "w31": 762.8,
   "w32": 774.6,
   "w33": 789.7,
   "w34": 809.3,
   "w35": 814.2,
   "w36": 814.2,
   "w36": 824.8,
   "w37": 846.7,
   "w38": 890.2,
   "w39": 943.1,
   "w40": 1033.4
 },
 {
   "localAuthorityName": "Rutland",
   "specialMeasuresLink": "",
   "w31": 251.9,
   "w32": 251.9,
   "w33": 257,
   "w34": 269.5,
   "w35": 277.1,
   "w36": 277.1,
   "w36": 292.2,
   "w37": 294.7,
   "w38": 309.9,
   "w39": 319.9,
   "w40": 350.2
 },
 {
   "localAuthorityName": "Salford",
   "specialMeasuresLink": "https://www.gov.uk/guidance/greater-manchester-local-restrictions",
   "w31": 559.7,
   "w32": 590,
   "w33": 617.5,
   "w34": 655.3,
   "w35": 680.8,
   "w36": 680.8,
   "w36": 720.1,
   "w37": 787.7,
   "w38": 880.5,
   "w39": 1027.5,
   "w40": 1193.4
 },
 {
   "localAuthorityName": "Sandwell",
   "specialMeasuresLink": "https://www.gov.uk/guidance/birmingham-sandwell-and-solihull-local-restrictions",
   "w31": 561.1,
   "w32": 578.8,
   "w33": 605.4,
   "w34": 629.2,
   "w35": 650.6,
   "w36": 650.6,
   "w36": 678.4,
   "w37": 710.5,
   "w38": 775.9,
   "w39": 860.5,
   "w40": 972
 },
 {
   "localAuthorityName": "Sefton",
   "specialMeasuresLink": "https://www.gov.uk/guidance/merseyside-halton-and-warrington-local-restrictions",
   "w31": 567.2,
   "w32": 572.3,
   "w33": 578.8,
   "w34": 591.2,
   "w35": 602,
   "w36": 602,
   "w36": 616.9,
   "w37": 650.7,
   "w38": 702.6,
   "w39": 817.4,
   "w40": 1004.4
 },
 {
   "localAuthorityName": "Sheffield",
   "specialMeasuresLink": "",
   "w31": 725,
   "w32": 741.6,
   "w33": 756.7,
   "w34": 775.8,
   "w35": 787.3,
   "w36": 787.3,
   "w36": 803.9,
   "w37": 839.1,
   "w38": 890,
   "w39": 948,
   "w40": 1047.2
 },
 {
   "localAuthorityName": "Shropshire",
   "specialMeasuresLink": "",
   "w31": 446.2,
   "w32": 451.5,
   "w33": 452.7,
   "w34": 459,
   "w35": 466.5,
   "w36": 466.5,
   "w36": 475.5,
   "w37": 484.9,
   "w38": 499.9,
   "w39": 518.6,
   "w40": 552
 },
 {
   "localAuthorityName": "Slough",
   "specialMeasuresLink": "",
   "w31": 439.9,
   "w32": 454.7,
   "w33": 472.1,
   "w34": 489.6,
   "w35": 502.3,
   "w36": 502.3,
   "w36": 512.4,
   "w37": 532.5,
   "w38": 556,
   "w39": 577.4,
   "w40": 646.5
 },
 {
   "localAuthorityName": "Solihull",
   "specialMeasuresLink": "https://www.gov.uk/guidance/birmingham-sandwell-and-solihull-local-restrictions",
   "w31": 429,
   "w32": 436,
   "w33": 446.2,
   "w34": 454.6,
   "w35": 462.5,
   "w36": 462.5,
   "w36": 472.3,
   "w37": 526.3,
   "w38": 598.9,
   "w39": 671,
   "w40": 758
 },
 {
   "localAuthorityName": "Somerset",
   "specialMeasuresLink": "",
   "w31": 232.8,
   "w32": 234.9,
   "w33": 237.4,
   "w34": 240.1,
   "w35": 244.9,
   "w36": 244.9,
   "w36": 248.5,
   "w37": 255.1,
   "w38": 264.4,
   "w39": 270.1,
   "w40": 283.3
 },
 {
   "localAuthorityName": "South Gloucestershire",
   "specialMeasuresLink": "",
   "w31": 267.1,
   "w32": 269.6,
   "w33": 274.6,
   "w34": 277.7,
   "w35": 288,
   "w36": 288,
   "w36": 297.6,
   "w37": 308.5,
   "w38": 323,
   "w39": 340,
   "w40": 359.5
 },
 {
   "localAuthorityName": "South Tyneside",
   "specialMeasuresLink": "https://www.gov.uk/guidance/north-east-of-england-local-restrictions",
   "w31": 634.2,
   "w32": 636.2,
   "w33": 640.2,
   "w34": 642.9,
   "w35": 654.2,
   "w36": 654.2,
   "w36": 700.8,
   "w37": 752.7,
   "w38": 836.5,
   "w39": 1040.2,
   "w40": 1229.2
 },
 {
   "localAuthorityName": "Southampton",
   "specialMeasuresLink": "",
   "w31": 379,
   "w32": 381.3,
   "w33": 385.7,
   "w34": 390.8,
   "w35": 395.6,
   "w36": 395.6,
   "w36": 403.9,
   "w37": 408.2,
   "w38": 419.3,
   "w39": 434,
   "w40": 451.4
 },
 {
   "localAuthorityName": "Southend-on-Sea",
   "specialMeasuresLink": "",
   "w31": 384.7,
   "w32": 389.7,
   "w33": 394.1,
   "w34": 398.4,
   "w35": 403.4,
   "w36": 403.4,
   "w36": 416,
   "w37": 426.4,
   "w38": 443.4,
   "w39": 460.9,
   "w40": 490
 },
 {
   "localAuthorityName": "Southwark",
   "specialMeasuresLink": "",
   "w31": 466.8,
   "w32": 471.9,
   "w33": 476.6,
   "w34": 488.9,
   "w35": 505,
   "w36": 505,
   "w36": 516.6,
   "w37": 535.5,
   "w38": 558.5,
   "w39": 585.7,
   "w40": 624.1
 },
 {
   "localAuthorityName": "St. Helens",
   "specialMeasuresLink": "https://www.gov.uk/guidance/merseyside-halton-and-warrington-local-restrictions",
   "w31": 668.2,
   "w32": 671.5,
   "w33": 688.2,
   "w34": 695.9,
   "w35": 704.8,
   "w36": 704.8,
   "w36": 717,
   "w37": 748.1,
   "w38": 841.4,
   "w39": 980.3,
   "w40": 1200.8
 },
 {
   "localAuthorityName": "Staffordshire",
   "specialMeasuresLink": "",
   "w31": 437,
   "w32": 442.5,
   "w33": 448.3,
   "w34": 453.9,
   "w35": 460.9,
   "w36": 460.9,
   "w36": 473,
   "w37": 491.9,
   "w38": 517.8,
   "w39": 547.4,
   "w40": 583.3
 },
 {
   "localAuthorityName": "Stockport",
   "specialMeasuresLink": "https://www.gov.uk/guidance/greater-manchester-local-restrictions",
   "w31": 586.4,
   "w32": 611.8,
   "w33": 637.8,
   "w34": 659.1,
   "w35": 671.1,
   "w36": 671.1,
   "w36": 682,
   "w37": 708.1,
   "w38": 757.4,
   "w39": 828.7,
   "w40": 923
 },
 {
   "localAuthorityName": "Stockton-on-Tees",
   "specialMeasuresLink": "",
   "w31": 493.9,
   "w32": 500,
   "w33": 504,
   "w34": 508.1,
   "w35": 511.1,
   "w36": 511.1,
   "w36": 524.8,
   "w37": 548.1,
   "w38": 579.6,
   "w39": 630.3,
   "w40": 723.1
 },
 {
   "localAuthorityName": "Stoke-on-Trent",
   "specialMeasuresLink": "",
   "w31": 582,
   "w32": 586.3,
   "w33": 602.7,
   "w34": 624.6,
   "w35": 648.9,
   "w36": 648.9,
   "w36": 665.7,
   "w37": 692.3,
   "w38": 722,
   "w39": 761.8,
   "w40": 807.2
 },
 {
   "localAuthorityName": "Suffolk",
   "specialMeasuresLink": "",
   "w31": 352,
   "w32": 355.2,
   "w33": 359.1,
   "w34": 362.4,
   "w35": 365.6,
   "w36": 365.6,
   "w36": 370.1,
   "w37": 378.6,
   "w38": 388.1,
   "w39": 396,
   "w40": 403.9
 },
 {
   "localAuthorityName": "Sunderland",
   "specialMeasuresLink": "https://www.gov.uk/guidance/north-east-of-england-local-restrictions",
   "w31": 642,
   "w32": 646,
   "w33": 652.5,
   "w34": 660.4,
   "w35": 666.2,
   "w36": 666.2,
   "w36": 676.2,
   "w37": 737.2,
   "w38": 821.5,
   "w39": 959.2,
   "w40": 1152.1
 },
 {
   "localAuthorityName": "Surrey",
   "specialMeasuresLink": "",
   "w31": 393.8,
   "w32": 398.3,
   "w33": 402.5,
   "w34": 410.7,
   "w35": 421,
   "w36": 421,
   "w36": 432.2,
   "w37": 448.3,
   "w38": 466.4,
   "w39": 479,
   "w40": 505
 },
 {
   "localAuthorityName": "Sutton",
   "specialMeasuresLink": "",
   "w31": 502.1,
   "w32": 506.5,
   "w33": 508.5,
   "w34": 512.9,
   "w35": 525.6,
   "w36": 525.6,
   "w36": 531,
   "w37": 542.7,
   "w38": 555.4,
   "w39": 569.1,
   "w40": 593.1
 },
 {
   "localAuthorityName": "Swindon",
   "specialMeasuresLink": "",
   "w31": 365.3,
   "w32": 418.5,
   "w33": 468.5,
   "w34": 512.2,
   "w35": 550.9,
   "w36": 550.9,
   "w36": 572.1,
   "w37": 585.2,
   "w38": 596.9,
   "w39": 607.7,
   "w40": 624.8
 },
 {
   "localAuthorityName": "Tameside",
   "specialMeasuresLink": "https://www.gov.uk/guidance/greater-manchester-local-restrictions",
   "w31": 704.3,
   "w32": 731.4,
   "w33": 770.9,
   "w34": 798,
   "w35": 828.2,
   "w36": 828.2,
   "w36": 868.6,
   "w37": 935.2,
   "w38": 1042.6,
   "w39": 1175.4,
   "w40": 1328.6
 },
 {
   "localAuthorityName": "Telford and Wrekin",
   "specialMeasuresLink": "",
   "w31": 352.1,
   "w32": 357.1,
   "w33": 359.4,
   "w34": 374.6,
   "w35": 384.7,
   "w36": 384.7,
   "w36": 389.2,
   "w37": 400.5,
   "w38": 415.1,
   "w39": 437.6,
   "w40": 471.3
 },
 {
   "localAuthorityName": "Thurrock",
   "specialMeasuresLink": "",
   "w31": 332.1,
   "w32": 339.7,
   "w33": 343.1,
   "w34": 350.7,
   "w35": 354.7,
   "w36": 354.7,
   "w36": 360.5,
   "w37": 372.1,
   "w38": 380.2,
   "w39": 394.2,
   "w40": 417.3
 },
 {
   "localAuthorityName": "Torbay",
   "specialMeasuresLink": "",
   "w31": 206.2,
   "w32": 208.4,
   "w33": 209.9,
   "w34": 210.6,
   "w35": 219.5,
   "w36": 219.5,
   "w36": 223.9,
   "w37": 231.3,
   "w38": 234.9,
   "w39": 244.5,
   "w40": 257.8
 },
 {
   "localAuthorityName": "Tower Hamlets",
   "specialMeasuresLink": "",
   "w31": 270.4,
   "w32": 278.9,
   "w33": 284.2,
   "w34": 292.1,
   "w35": 301.5,
   "w36": 301.5,
   "w36": 319.5,
   "w37": 342.8,
   "w38": 374.6,
   "w39": 406,
   "w40": 458.3
 },
 {
   "localAuthorityName": "Trafford",
   "specialMeasuresLink": "https://www.gov.uk/guidance/greater-manchester-local-restrictions",
   "w31": 585.1,
   "w32": 614.3,
   "w33": 640.5,
   "w34": 665.1,
   "w35": 685.4,
   "w36": 685.4,
   "w36": 723,
   "w37": 753.9,
   "w38": 795.8,
   "w39": 863.5,
   "w40": 983.2
 },
 {
   "localAuthorityName": "Wakefield",
   "specialMeasuresLink": "",
   "w31": 529.5,
   "w32": 544.6,
   "w33": 562.8,
   "w34": 583.1,
   "w35": 602,
   "w36": 602,
   "w36": 615,
   "w37": 637,
   "w38": 669.2,
   "w39": 715.6,
   "w40": 792.1
 },
 {
   "localAuthorityName": "Walsall",
   "specialMeasuresLink": "",
   "w31": 540.6,
   "w32": 549.4,
   "w33": 556.9,
   "w34": 572.7,
   "w35": 586.1,
   "w36": 586.1,
   "w36": 596.4,
   "w37": 617.9,
   "w38": 654.3,
   "w39": 717.4,
   "w40": 795.4
 },
 {
   "localAuthorityName": "Waltham Forest",
   "specialMeasuresLink": "",
   "w31": 378.8,
   "w32": 382,
   "w33": 388.9,
   "w34": 402.2,
   "w35": 412,
   "w36": 412,
   "w36": 425,
   "w37": 441.3,
   "w38": 465.9,
   "w39": 495.5,
   "w40": 540.3
 },
 {
   "localAuthorityName": "Wandsworth",
   "specialMeasuresLink": "",
   "w31": 367.6,
   "w32": 376.1,
   "w33": 385.3,
   "w34": 396.1,
   "w35": 413.8,
   "w36": 413.8,
   "w36": 434.3,
   "w37": 453.6,
   "w38": 484.6,
   "w39": 505.1,
   "w40": 538.5
 },
 {
   "localAuthorityName": "Warrington",
   "specialMeasuresLink": "https://www.gov.uk/guidance/merseyside-halton-and-warrington-local-restrictions",
   "w31": 640.4,
   "w32": 641.9,
   "w33": 658.6,
   "w34": 664.3,
   "w35": 667.6,
   "w36": 667.6,
   "w36": 680,
   "w37": 724.9,
   "w38": 831.8,
   "w39": 955.4,
   "w40": 1136.3
 },
 {
   "localAuthorityName": "Warwickshire",
   "specialMeasuresLink": "",
   "w31": 448.3,
   "w32": 456.6,
   "w33": 462.5,
   "w34": 470.4,
   "w35": 475.8,
   "w36": 475.8,
   "w36": 482.1,
   "w37": 496.7,
   "w38": 517.5,
   "w39": 555.2,
   "w40": 593.3
 },
 {
   "localAuthorityName": "West Berkshire",
   "specialMeasuresLink": "",
   "w31": 309.1,
   "w32": 314.1,
   "w33": 315.4,
   "w34": 321.1,
   "w35": 326.8,
   "w36": 326.8,
   "w36": 335,
   "w37": 343.8,
   "w38": 348.8,
   "w39": 360.2,
   "w40": 381
 },
 {
   "localAuthorityName": "West Sussex",
   "specialMeasuresLink": "",
   "w31": 325,
   "w32": 327.2,
   "w33": 329.6,
   "w34": 333.2,
   "w35": 339.9,
   "w36": 339.9,
   "w36": 345.7,
   "w37": 358.9,
   "w38": 373.5,
   "w39": 386.7,
   "w40": 404.5
 },
 {
   "localAuthorityName": "Westminster",
   "specialMeasuresLink": "",
   "w31": 317.6,
   "w32": 324.3,
   "w33": 337.6,
   "w34": 347.4,
   "w35": 359.9,
   "w36": 359.9,
   "w36": 374,
   "w37": 394,
   "w38": 415.2,
   "w39": 435.1,
   "w40": 464.9
 },
 {
   "localAuthorityName": "Wigan",
   "specialMeasuresLink": "https://www.gov.uk/guidance/greater-manchester-local-restrictions",
   "w31": 666.1,
   "w32": 673.1,
   "w33": 680.2,
   "w34": 691.2,
   "w35": 703.5,
   "w36": 703.5,
   "w36": 716.1,
   "w37": 745.2,
   "w38": 793.3,
   "w39": 905.9,
   "w40": 1053.4
 },
 {
   "localAuthorityName": "Wiltshire",
   "specialMeasuresLink": "",
   "w31": 258,
   "w32": 263,
   "w33": 266.8,
   "w34": 272.3,
   "w35": 276.3,
   "w36": 276.3,
   "w36": 279.9,
   "w37": 294.7,
   "w38": 305.6,
   "w39": 316.6,
   "w40": 329.5
 },
 {
   "localAuthorityName": "Windsor and Maidenhead",
   "specialMeasuresLink": "",
   "w31": 277,
   "w32": 280.3,
   "w33": 285.6,
   "w34": 294.2,
   "w35": 318.7,
   "w36": 318.7,
   "w36": 334,
   "w37": 349.9,
   "w38": 396.3,
   "w39": 418.1,
   "w40": 442
 },
 {
   "localAuthorityName": "Wirral",
   "specialMeasuresLink": "https://www.gov.uk/guidance/merseyside-halton-and-warrington-local-restrictions",
   "w31": 637.3,
   "w32": 642.6,
   "w33": 646.3,
   "w34": 651.2,
   "w35": 657.7,
   "w36": 657.7,
   "w36": 686.2,
   "w37": 739.7,
   "w38": 834.4,
   "w39": 982.6,
   "w40": 1159.8
 },
 {
   "localAuthorityName": "Wokingham",
   "specialMeasuresLink": "",
   "w31": 360.2,
   "w32": 362,
   "w33": 364.9,
   "w34": 367.3,
   "w35": 373.9,
   "w36": 373.9,
   "w36": 381.6,
   "w37": 392.3,
   "w38": 401.8,
   "w39": 411.4,
   "w40": 440.5
 },
 {
   "localAuthorityName": "Wolverhampton",
   "specialMeasuresLink": "https://www.gov.uk/guidance/birmingham-sandwell-and-solihull-local-restrictions",
   "w31": 548.8,
   "w32": 566,
   "w33": 577.8,
   "w34": 596.2,
   "w35": 608.4,
   "w36": 608.4,
   "w36": 625.2,
   "w37": 655.3,
   "w38": 714.9,
   "w39": 777.8,
   "w40": 856.5
 },
 {
   "localAuthorityName": "Worcestershire",
   "specialMeasuresLink": "",
   "w31": 407.6,
   "w32": 410.4,
   "w33": 413.8,
   "w34": 420.1,
   "w35": 428.2,
   "w36": 428.2,
   "w36": 436.8,
   "w37": 453.8,
   "w38": 476.3,
   "w39": 497.1,
   "w40": 537.1
 },
 {
   "localAuthorityName": "York",
   "specialMeasuresLink": "",
   "w31": 439.8,
   "w32": 441.2,
   "w33": 445,
   "w34": 448.8,
   "w35": 455,
   "w36": 455,
   "w36": 462.1,
   "w37": 476,
   "w38": 505.5,
   "w39": 546.5,
   "w40": 606
 }
]
